_ƒ…¨¨_΅κ__—¨¦‡¨¦‚΅κ__›__‹_„_---¨¦•___‡_____¨¨_¨¨__,/post-free-1358675-1.shtml,_‹¨¨_€,http://www.tianya.cn/17696881,938472,6301,2008/7/7 0:14
___΅θύ_™___’¨¨€_ύ†__€¨¨_΅¤__¨¦€›__†__€____ƒ…¨¨_΅κ_”΅§_“__—.,/post-free-1533379-1.shtml,__ _£¤_£¤_,http://www.tianya.cn/15801770,89462,534,2009/4/4 0:56
¨¨΅¤¨¦΅κ_…__…__‘_΅§_ƒ…¨¨_΅κ_”΅§_“_…____„_‰“_΅¤£¤BH__,/post-free-1500649-1.shtml,_“_΅κ__£¤‡¨¨______,http://www.tianya.cn/21846971,61463,442,2009/2/6 16:30
___΅θύ_‘_‹ _‹ _„____†_ƒ…¨¨_΅κ__—¨¨€___΅§__€¨¨€__…‰!,/post-free-1534810-1.shtml,sureden,http://www.tianya.cn/22942918,46543,87,2009/4/6 17:54
__¨¦›†:¨¨_΅¤¨¦—__‰_΅θ_΅γ‘____΅§_΅¤______΅γ¨¨_‡_ƒ…¨¨_΅κ_”΅§_“?,/post-free-1492546-1.shtml,z_highhopes,http://www.tianya.cn/16529900,40746,217,2009/1/16 10:01
_΅¤΅ΐ____€_£¤___¨¨___ύ_¨¦€¨¨΅μ†_ƒ…¨¨_΅κ_†…¨¨_΅κ¨¦__›_¨¨΅μ‚(__„_›_)(¨¨__¨¨__),/post-free-2574658-1.shtml,¨¦΅κ_______3,http://www.tianya.cn/21382955,30617,203,2012/6/8 14:58
_”΅¤_‹__€__†_—?___„__‹__ƒ…¨¨_΅κ_†…¨¨_΅κ__™_‘_ύ_?,/post-free-3164399-1.shtml,_΅γ_΅ΐ____Mini,http://www.tianya.cn/78749294,29535,84,2013/3/26 23:44
_‘_’¨¨€_ύ†___ƒ…¨¨_΅κ__—¨¨___‹_„¨¨‹__,/post-free-1411201-1.shtml,_΅ΐ£¤____‹–_‹‰__,http://www.tianya.cn/7583253,29363,138,2008/8/13 15:08
"_ƒ___€__€____–_ƒ…¨¨_΅κ_”΅§_“_„__—,_΅θ΅μ_______‘_ƒ___€__‹¨¨_΅¤__€____—__£¤__‘΅ι",/post-free-2664517-1.shtml,¨¦‚΅κ____„¨¦‚΅κ___‹,http://www.tianya.cn/71991108,23149,96,2012/7/31 9:27
"__ _ύ___€___‰___„_†…¨¨_΅κ¨¨΅κ΅θ,__ _____–__΅ι_ƒ…¨¨_΅κ_†…¨¨_΅κ?",/post-free-259531-1.shtml,¨¦_„¨¦“_‰_›΅γ_•™_,http://www.tianya.cn/2603019,17114,248,2005/3/21 15:29
_ƒ…¨¨_΅κ_†…¨¨΅κ΅θ_„_΅μ___,/post-free-1688240-1.shtml,Havalala,http://www.tianya.cn/28303797,16710,64,2009/9/13 15:49
¨¦‚΅κ_™_’_£¤__‹_ύ_ƒ…¨¨_΅κ_„__“_,/post-free-868947-1.shtml,¨¨‹_΅ΐ΅ΐ¨¨_¨¦_”,http://www.tianya.cn/9739262,15097,19,2007/2/27 0:33
"_ƒ…¨¨_—______(___—£¤__€¨¦_–),_‰_ƒ…¨¨_΅κ_„____£¤_£¤_‹›:)",/post-free-1030526-1.shtml,phd5,http://www.tianya.cn/13665126,14181,962,2007/10/17 9:20
_ƒ…¨¨_΅κ_†…¨¨_΅κ~~~¨¨_™__¨¨΅¤__‰_‚_¨¦_~~~,/post-free-1418690-1.shtml,¨¦”_΅§ƒ,http://www.tianya.cn/18037673,9410,96,2008/9/1 20:44
__΅θ_____ύ__ƒ_„_ƒ…¨¨_΅κ_†…¨¨_΅κ,/post-free-1146180-1.shtml,___΅γ_”΅§_—__–__΅§_΅γ‘,http://www.tianya.cn/12157314,9194,38,2008/3/3 11:02
_‘_’_‘_„_ƒ…¨¨_΅κ_”΅§_“___,/post-free-1513608-1.shtml,_¨¨_____£¤‡,http://www.tianya.cn/21083599,6909,33,2009/3/3 16:26
"____™BF__΅ΐ_΅ΐ¨¨_‡_΅§‹_‹__‹_£¤,_‘__„____ƒ…¨¨_΅κ__???",/post-free-943093-1.shtml,_‰›_______£¤__ƒ,http://www.tianya.cn/12586931,6710,67,2007/6/27 19:03
_________£¤_„_ƒ…¨¨_΅κ____:____›___΅θ_€΅μ_”΅§_“__‚___΅γ__•_‰_΅θ_΅θ΅μ?,/post-free-4926282-1.shtml,____‰_†_”΅ΐ____‰_€,http://www.tianya.cn/91724214,5441,4,2015/1/26 1:31
¨¦ƒ____ƒ…¨¨_΅κ_†…¨¨_΅κ_ƒ__„_£¤_,/post-free-1647259-1.shtml,_΅¤΅ΐ_________‘,http://www.tianya.cn/26291449,5074,30,2009/8/7 10:15
_΅θ΅μ___¨¦‡_„¨¦‚΅κ__›_ƒ…¨¨_΅κ__‹_„_,/post-free-1480488-1.shtml,¨¦’_£¤_— _£¤,http://www.tianya.cn/21059345,4874,95,2008/12/22 21:17
"_ƒ!____΅ΐ‰_____΅θ""___”_¨¦—΅§""39___£¤__™_¨¦΅ι†_____΅θ¨¨‡__΅§΅ΐ__‘¨¨___ƒ…¨¨_΅κ_“,__΅μ_“___”_...",/post-free-2615563-1.shtml,_‘_„_΅ΐ____•2011,http://www.tianya.cn/52726235,4443,21,2012/7/3 8:55
_ƒ…¨¨_΅κ_”΅§_“__—_„_›΅μ__‹ 80__£¤__”__€_„_‰_΅ΐ_„_ƒ…¨¨_΅κ_•†__—,/post-free-2096518-1.shtml,___’__΅γ__΅ι,http://www.tianya.cn/19797065,4217,26,2011/2/12 19:58
_—____‰____ƒ…¨¨_΅κ__—,/post-free-1787508-1.shtml,____…___2009,http://www.tianya.cn/31824700,4190,23,2010/1/14 22:41
_ƒ…¨¨_΅κ_΅θ…¨¨_ύ_‘___ƒ___,/post-free-1454523-1.shtml,_’_____„_΅γ¨¨€¨¨™,http://www.tianya.cn/20086048,3982,23,2008/11/4 0:24
"_΅ΐ_____¨¦ƒ_¨¨_›_£¤,_•™__ ____‚__΅ι_ _ƒ…__΅κ__‹¨¦—__ƒ…¨¨_΅κ_„_΅γ_‹›_•΅γ",/post-free-3369918-1.shtml,___΅ΐ_„¨¨__1985,http://www.tianya.cn/81132735,3767,0,2013/6/6 4:17
_”΅¤________•_–__΅ι_ƒ…¨¨_΅κ_†…¨¨_΅κ?,/post-free-3764707-1.shtml,_’______ __΅θ΅μ_…΅§,http://www.tianya.cn/84300513,3696,2,2013/10/27 20:28
_‰_”΅¤______–__΅ι¨¨€_ύ†_ύ__ƒ…¨¨_΅κ_†…¨¨_΅κ__¨¨_΅κ_—?¨¨ƒ_¨¨__¨¨_______€___—?,/post-free-5204717-1.shtml,arik1212,http://www.tianya.cn/65297699,3239,10,2015/8/5 10:03
79____‰ύ_£¤____„__ƒ__€___¨¨–_12000__£¤__¨¨__¨¦_176__£¤______†___΅μ‘__£¤___ƒ…...,/post-free-5282525-1.shtml,__΅μ¨¦__†‰_†‰1984,http://www.tianya.cn/106550802,3168,74,2015/10/16 10:22
_†_†_‘_’¨¨€_ύ†_΅§_ƒ…¨¨_΅κ_”΅§_“_•†__—_„____‹_„_,/post-free-1959621-1.shtml,_„¨¨ƒ_¨¦__¨¦__,http://www.tianya.cn/21511848,3018,15,2010/8/11 14:12
___£¤__„_΅γ_£¤__΅θ΅μ_΅γ_¨¦___†¨¨_™¨¦‡_„_“_____ƒ…¨¨_΅κ!,/post-free-620422-1.shtml,_–__΅ι_•΅γ____„_£¤___ύ17,http://www.tianya.cn/6262866,3015,145,2006/3/5 11:20
_΅θ΅μ¨¦™†_____΅ι_____•_–__΅ι___—£¤___ƒ…¨¨_΅κ_—…¨¦_†,/post-free-5398417-1.shtml,_΅γ_‘__…,http://www.tianya.cn/78201087,2663,59,2016/3/3 16:16
"_΅γ_£¤___¨¦’______€___¨¦€_____ƒ…¨¨_΅κ_”΅§_“__¨¦—΅§,____†¨¦™_”_”΅¤____„¨¨__........",/post-free-4034114-1.shtml,_‘_„¨¦’____›_,http://www.tianya.cn/85932817,2415,22,2013/12/25 11:55
________€__†____ƒ…¨¨_΅κ_”΅§_“_‚_ _£¤_‘_‘_‰΅ι¨¦_,/post-free-3648917-1.shtml,LUSTLIST,http://www.tianya.cn/83605109,2414,13,2013/9/10 23:26
_΅§_____ƒ…¨¨_΅κ_”΅§_“__—_΅¤£¤_____ƒ__ __“,/post-free-2864115-1.shtml,¨¨’‚_΅§_›_¨¦™…,http://www.tianya.cn/74510314,2144,7,2012/11/5 11:43
___”:__€______‰_ƒ…¨¨_΅κ_„____›__–‡___,/post-free-204217-1.shtml,__›_΅θύ_“_,http://www.tianya.cn/68095,2082,50,2004/10/20 0:11
__›_΅ΐ¨¨___–__‰__€_‰‹ _΅¤΅ΐ_΅θ__¨¨΅ι__΅§΅ΐ_____‰€_£¤¨¨΅¤_΅θ΅μ¨¦‡_ƒ…¨¨_΅κ_”΅§_“(_›_),/post-free-2009277-1.shtml,_›__›__…,http://www.tianya.cn/28357648,1924,17,2010/10/29 21:15
_›__†…_‰_ƒ…¨¨_΅κ_ύ_…΅¤__‹¨¨_„___—?_ƒ__‰___€____£¤__”΅§_‰_‘ύ_΅κ’.,/post-free-4841168-1.shtml,______΅θ΅μ_–____΅γ,http://www.tianya.cn/91887283,1681,26,2014/12/16 14:25
"_ƒ…¨¨_΅κ,_ƒ…¨¨΅γƒ",/post-free-263553-1.shtml,¨¦›…_΅γ“,http://www.tianya.cn/1474338,1532,8,2005/3/28 21:53
_ƒ…¨¨_΅κ__‘_‚__„_΅μ__†__€__‹_€”_€”¨¨_¨¨__,/post-free-1576300-1.shtml,_΅ι¨¨¨¨΅γ΅¤,http://www.tianya.cn/24597492,1233,9,2009/5/27 14:18
___‹____΅¤_€΅μ_–‡_–¨¨‚_ƒ…¨¨_΅κ_†…¨¨_΅κ_΅μ€ _΅γ_____΅θ΅μ¨¨ƒ†(¨¨__¨¨__),/post-free-2804967-1.shtml,_______‚_13,http://www.tianya.cn/65083520,1213,3,2012/10/7 17:22
___¨¨___£¤___ύ__________¨¦€‚__–_ƒ…¨¨_΅κ_”΅§_“_‘΅ι,/post-free-5137667-1.shtml,¨¦¨¦™¨¨___’¨¨_΅κ,http://www.tianya.cn/35140002,1195,20,2015/6/11 16:42
_ƒ…¨¨_΅κ¨¦_΅γ____•_‘_„_—__΅γ_”____“_‘_,/post-free-1624086-1.shtml,_”__΅ΐ__________¨¦΅ι_΅θ_,http://www.tianya.cn/23258801,1102,10,2009/7/16 12:45
_΅ι____ƒ…¨¨_΅κ__—¨¦‡_„____•…__‹,/post-free-2178568-1.shtml,¨¨΅μ_€__†,http://www.tianya.cn/52205115,1000,7,2011/6/1 21:47
_‘_΅γ΅ΐ___–__΅ι_ƒ…¨¨_΅κ_”΅§_“ _‰¨¦”™_—?,/post-free-5103178-1.shtml,u_100030133,http://www.tianya.cn/100030133,978,10,2015/5/16 23:29
¨¨€_______ƒ_΅γ_‘¨¨€_ύ†_„_ƒ…¨¨_΅κ_†…¨¨_΅κ,/post-free-3078488-1.shtml,¨¨___΅¤¨¨€¨¦_¨¦€€,http://www.tianya.cn/73623724,970,3,2013/2/21 18:22
¨¨΅γƒ_£¤:_…____ƒ…¨¨_΅κ_†…¨¨_΅κ,/post-free-961708-1.shtml,¨¨’™____,http://www.tianya.cn/12834350,764,8,2007/7/20 10:03
_‘_΅§_΅γ¨¦•‡___„_ƒ…¨¨_΅κ¨¨____‹,/post-free-2803730-1.shtml,____‰_„¨¨΅μ‰,http://www.tianya.cn/40926532,724,18,2012/10/6 19:49
"2014____΅¤xing_–‡_–¨¨‚¨¨___•,____΅ΐ‰_…‰¨¨΅γ΅¤_ƒ_΅γ_…΅§_›_¨¦_–____ƒ…¨¨_΅κ_”΅§_“__“¨¦____...",/post-free-4774980-1.shtml,__€__”_€’_΅μ‹,http://www.tianya.cn/96444238,721,9,2014/11/16 20:20
_€__¨¦€‰_‹ύ_ƒ…¨¨_΅κ_†…¨¨_΅κ,/post-free-2558154-1.shtml,_‹_¨¨_¨¨€…521,http://www.tianya.cn/53898422,716,3,2012/5/29 20:16
__΅ΐ_„_΅μ_΅μ_ƒ…¨¨_΅κ,/post-free-861478-1.shtml,com58,http://www.tianya.cn/10434580,677,1,2007/2/3 16:32
¨¦_¨¨_…_„_ƒ…¨¨_΅κ___“__(__™¨¦ƒ),/post-free-1833539-1.shtml,__¨¦_¨¨_…_›_¨¦‡,http://www.tianya.cn/33194417,652,16,2010/3/14 8:57
__΅θ΅μ_£¤_¨¨‰__›________›____—____›› _ƒ…¨¨_΅κ_”΅§_“7___΅μ¨¨‡__΅θ΅μ¨¦™†(_›_)(¨¨__¨¨__),/post-free-3592805-1.shtml,_΅γ_”΅γ_΅θύS,http://www.tianya.cn/83044041,612,5,2013/8/21 17:27
_΅γ_΅§__€_ƒ…¨¨_΅κ_”΅§_“__—¨¨__‰_‰_™__—?,/post-free-3166189-1.shtml,_¨¨΅ΐ†_…________,http://www.tianya.cn/79357025,590,5,2013/3/27 14:12
"____†___„_…_¨¨_΅κ_„_____€¨¨______,____‰_ƒ…¨¨_΅κ,¨¨__£¤__‹_‹¨¦ƒ_¨¨__›__ƒ__–",/post-free-1091645-1.shtml,_‰__΅¤___‰__2,http://www.tianya.cn/14594437,540,17,2008/1/8 16:40
_‹_΅ΐ‚_΅θύ____΅θ΅μ_£¤¨¨___€_ƒ…¨¨_΅κ_”΅§_“__—_!!!!,/post-free-3176016-1.shtml,hyu1022,http://www.tianya.cn/79347281,535,7,2013/3/31 0:37
"_ƒ…¨¨_΅κ_”΅§_“,_¨¨…_–‡_____…___ƒ",/post-free-1784016-1.shtml,¨¦‚΅κ__€_†__„__‹¨¦›_,http://www.tianya.cn/25525029,514,1,2010/1/10 16:49
__“_ƒ…¨¨_΅κ¨¦_¨¦‡__•__‹_€”_€”¨¨__¨¨__¨¦_„_΅ι__‹___,/post-free-60728-1.shtml,__’¨¦›¨¨__— _΅κ΅γ,http://www.tianya.cn/228481,512,13,2002/10/29 21:40
____—¨¨___–__£¤¨¦_„_‰__‡__ƒ…¨¨_΅κ_”΅§_“_–___¨¨_____¨¨_,/post-free-3786780-1.shtml,_”___΅ΐ__€_‘΅§¨¦…΅κ,http://www.tianya.cn/61254828,499,5,2013/11/5 13:48
_ƒ…¨¨_΅κ__—___de¨¦‚΅κ__›__‹,/post-free-5209192-1.shtml,_‰_£¤£¤¨¦“¨¦“0____,http://www.tianya.cn/104481694,495,6,2015/8/8 21:19
_____™¨¨_΅¤____΅¤___ƒ…¨¨_΅κ_”΅§_“__—_„___—_΅μ!??,/post-free-4572707-1.shtml,qqlayy,http://www.tianya.cn/33356727,487,11,2014/8/17 22:42
¨¨΅γ¨¨___£¤______¨¨ƒ_¨¨‡__΅θ‡_ƒ…¨¨_΅κ_†…¨¨_΅κ,/post-free-3498085-1.shtml,_΅γ_¨¨____‹,http://www.tianya.cn/81938554,475,4,2013/7/19 10:19
_΅γ_΅§_›________ƒ…¨¨_΅κ_”΅§_“_„_‹__•,/post-free-3351810-1.shtml,_‘_΅ΐ_ƒ¨¦…__ ___,http://www.tianya.cn/73712146,473,4,2013/5/30 17:13
_–____ƒ…¨¨_΅κ_”΅§_“__“_¨¨΅ι__„_΅μ_______€_‰¨¨‰___¨¦•_‹__…!!!,/post-free-5153950-1.shtml,_–_£¤—_£¤—_„_΅γ_΅μ‘_‡‰,http://www.tianya.cn/103195954,472,6,2015/6/24 19:02
__¨¨΅μ____΅θ___—…¨¦_†_____΅κ‹_‰__΅θ_†_____ƒ…¨¨_΅κ_—…¨¦_†_„¨¨‚›¨¨‚ ____–____ __”___,/post-free-5044992-1.shtml,_ƒ_‚__΅ΐ_†΅¤¨¦™__‹,http://www.tianya.cn/99323762,469,29,2015/4/8 22:25
_____›_”΅¤_______„_ƒ…¨¨_΅κ¨¦ƒ_____† ¨¨______›_£¤________„_™__•†¨¦___†,/post-free-1160519-1.shtml,_—_΅θ__‹__‡,http://www.tianya.cn/2659880,452,7,2008/3/17 2:38
"_‰_΅θύ_‰____”΅¤____£¤_‘__—¨¦‡__΅γ_ƒ…¨¨_΅κ_†…¨¨_΅κ ...__–¨¨‡__΅¤΅ΐ_ύ_,_‘_΅ΐ—_•....",/post-free-3323603-1.shtml,_•΅γ_΅γ¨¦_‘,http://www.tianya.cn/74669039,438,6,2013/5/21 14:43
_΅ι¨¨________€_΅θ΅μ_ƒ…¨¨_΅κ_”΅§_“__‚__(¨¨__¨¨__),/post-free-4569571-1.shtml,_–__190707,http://www.tianya.cn/93345478,388,3,2014/8/16 10:00
_΅¤___”____ύ____¨¨΅ΐ_›__›__‰‡ __™__ _”____›¨¦€ _ƒ…¨¨_΅κ,/post-free-4865447-1.shtml,9lilu1761078005,http://www.tianya.cn/95452772,355,0,2014/12/27 15:36
"¨¨_΅¤¨¦—__„____’_____,¨¨_™_΅γ__•_______ƒ…¨¨_΅κ_†…¨¨΅κ΅θ.....",/post-free-3681421-1.shtml,keren_™΅§,http://www.tianya.cn/65014317,319,5,2013/9/24 12:20
"__–__—_ƒ…¨¨_΅κ____΅§__‹__€""¨¦£¤_¨¦…’__΅ι…""",/post-free-873702-1.shtml,¨¨€¨¨____ƒ__—,http://www.tianya.cn/9565065,291,0,2007/3/9 22:09
_΅§¨¨€_…___…___΅θ__™_‘__•__‹_‘_΅γ_ƒ…¨¨_΅κ_”΅§_“,/post-free-4676923-1.shtml,junnycy,http://www.tianya.cn/61216111,282,3,2014/10/2 8:44
"__‘¨¨___•†_“¨¨___΅§_„__†,__΅γ_΅γ____΅κ_ƒ…¨¨_΅κ__΅μ_“_΅γ΅ΐ__39_™_¨¦΅ι†!!____΅θ__¨¨_΅¤_•!...",/post-free-2615748-1.shtml,_‘_„_΅ΐ____•2011,http://www.tianya.cn/52726235,281,4,2012/7/3 10:29
"_ƒ…¨¨_΅κ""__”____""_‘__‰____""_£¤____›_(¨¨__¨¨__)",/post-free-4618981-1.shtml,¨¦_…_______”¨¨_ύ¨¨_ύ,http://www.tianya.cn/94448399,275,0,2014/9/6 21:55
_ƒ…¨¨_΅κ_΅μ_΅§_΅§_‚_¨¨_΅γ¨¦ύ_______:¨¨ƒ___¨¦ _„___™΅ΐ_΅θ_(¨¨__¨¨__),/post-free-4174205-1.shtml,___†w,http://www.tianya.cn/84788124,267,1,2014/3/7 9:42
"_΅ΐ___†_΅¤£¤_”΅¤,_‚__ƒ…______‹__™,¨¨___…£¤_ƒ…¨¨_΅κ (¨¨_¨¨__)",/post-free-5195117-1.shtml,_΅ΐ___†_΅¤£¤_”΅¤2015,http://www.tianya.cn/104281015,258,18,2015/7/28 18:13
_________£¤_„_ƒ…¨¨_΅κ____,/post-free-2863985-1.shtml,__€__‹¨¦__΅ΐ,http://www.tianya.cn/74354857,255,4,2012/11/5 10:36
_΅ΐ___:_”_¨¨΅¤__€__ύ___ƒ…¨¨_΅κ,/post-free-1752711-1.shtml,_£¤_“£¤_„¨¨_›___,http://www.tianya.cn/25255855,252,1,2009/12/2 10:40
"_€13 ___—__™_________•__¨¨‚___¨¦™΅ι""_ƒ…¨¨_΅κ_—…__""_΅μ__ ¨¨_ύ____ƒ…__•__£¤_ __€‘...",/post-free-3021781-1.shtml,_΅μ_‰΅κ39817747,http://www.tianya.cn/77938023,249,0,2013/1/18 14:53
_____‘__¨¨__¨¨__–_ƒ…¨¨_΅κ_”΅§_“¨¨_΅γ,/post-free-5315900-1.shtml,se¨¨_____ύ_,http://www.tianya.cn/68798290,245,12,2015/11/21 15:39
_”΅¤_______‰_΅θ_ ___—__“_΅¤_ƒ…¨¨_΅κ_”΅§_“ ¨¨΅¤____:______΅θ__—_(¨¨__¨¨__),/post-free-4875850-1.shtml,_…΅μ¨¦_£¤_™__΅§_…__΅θ,http://www.tianya.cn/97090648,244,4,2015/1/1 11:32
pp__qq_„_ƒ…¨¨_΅κ____”,/post-free-1866569-1.shtml,_‰_΅¤_____,http://www.tianya.cn/35932980,238,5,2010/4/16 18:38
_‡____‘¨¨___ƒ…¨¨_΅κ_†…¨¨_΅κ_„¨¨_΅θύ¨¨_΅γ__•--_΅§΅ΐ__,/post-free-2888921-1.shtml,_—__—_l¨¦_™o¨¨_n_΅θύo__‹,http://www.tianya.cn/75966118,236,1,2012/11/17 21:58
__‘_΅γ‘_΅¤¨¨____”___„_ƒ…¨¨_΅κ____”,/post-free-1756807-1.shtml,¨¨___‚ABC,http://www.tianya.cn/31020672,231,3,2009/12/7 20:36
"__΅γ_ƒ…¨¨_΅κ_†…¨¨_΅κ(_‰_›_)_„_________™_‚¨¨΅γ‹__€__‹,__΅γ_΅θ_΅θ΅μ???(¨¨__¨¨__)",/post-free-3717828-1.shtml,_΅γ_–__‘_–__–_,http://www.tianya.cn/84274740,223,1,2013/10/9 20:41
_____™¨¨_΅¤____΅¤___ƒ…¨¨_΅κ_”΅§_“__—_„___—_΅μ!??,/post-free-4572629-1.shtml,qqlayy,http://www.tianya.cn/33356727,217,6,2014/8/17 21:46
"______‡†_΅θ‡_΅§___΅ΐ΅ΐ__‚_______€__€___¨¦____,_΅θ΅μ_΅γ”____΅κ____„_ƒ…¨¨_΅κ_”΅§_“__—",/post-free-4180140-1.shtml,TM_Tierney,http://www.tianya.cn/87761059,217,3,2014/3/9 22:04
¨¨„΅ΐ¨¨_΅κ¨¨_΅§¨¨_…_΅¤΅ΐV_ƒ…¨¨_΅κ_†___¨¨΅κ… _΅μ€__†¨¨…΅γ__΅γ¨¨‡€(¨¨__¨¨__),/post-free-3425873-1.shtml,xuefei508,http://www.tianya.cn/80904300,211,0,2013/6/26 10:44
"18__‡_–΅θ""_ƒ…¨¨_΅κ_”΅§_“""¨¨_ύ_΅θ_΅γ‘_…‰_΅κ""¨¨„___΅ι""?",/post-free-5307081-1.shtml,_΅§_΅ΐ‹¨¦’¨¨—΅θ,http://www.tianya.cn/92885215,209,0,2015/11/11 13:15
______™_΅ΐ_΅ι_ _ƒ…¨¨_΅κ,/post-free-957934-1.shtml,_†___¨¦‡___,http://www.tianya.cn/12828019,207,4,2007/7/16 18:48
____”¨¦€¨¨€___ƒ…¨¨_΅κ_”΅§_“_„__€__›_ƒ…¨¨_΅κ_†_,/post-free-5102343-1.shtml,¨¦’_£¤¨¨_—_,http://www.tianya.cn/60333958,204,3,2015/5/16 12:54
_ƒ…¨¨_΅κ¨¨΅γƒ_£¤,/post-free-2717837-1.shtml,__΅θ_£¤_______–,http://www.tianya.cn/57759742,194,6,2012/8/22 12:56
_†™____„_΅θ__΅κ_ƒ…¨¨_΅κ-_‰_‹_‹__™_‡_‚__‡_‚__‘—?!,/post-free-5180694-1.shtml,¨¦“¨¨΅¤__΅θ΅μ__—__,http://www.tianya.cn/53020472,180,7,2015/7/16 22:50
"¨¦____‹‰_΅ΐ_„________,___‰__‚__΅θ_„_ƒ…¨¨_΅κ?",/post-free-3067210-1.shtml,_‘¨¨_kao,http://www.tianya.cn/34838614,174,2,2013/2/15 7:24
__  __ ___ __ (_ƒ…¨¨_΅κ__‘¨¨_),/post-free-4208265-1.shtml,¨¨΅ΐ_΅θ΅μ_΅μ2014,http://www.tianya.cn/88258737,169,0,2014/3/21 10:00
"70__ƒ…¨¨_΅κ_΅μ,_____•_ƒ…_‰_‹_¨¦’""_‹‚__΅ΐ¨¨____""(¨¨__¨¨__)",/post-free-4201903-1.shtml,zy963783661,http://www.tianya.cn/83500474,166,1,2014/3/18 20:26
"18__‡_–΅θ_ƒ…¨¨_΅κ_”΅§_“_΅γ__•_‰_΅θ_΅γ‘____•,¨¨ƒ_____΅θ_΅γ‘_______•?",/post-free-5306988-1.shtml,__ _£¤_‰“_‘,http://www.tianya.cn/93788090,163,1,2015/11/11 10:43
_£¤________ƒ…¨¨_΅κ_”΅§_“_„¨¨_›¨¦…___!!!,/post-free-5413520-1.shtml,_‡’_‡’2016mm,http://www.tianya.cn/110299064,160,0,2016/3/20 21:46
¨¨_ύ_”____……____ƒ…¨¨_΅κ,/post-free-4197162-1.shtml,_΅ΐ__΅¤_£¤£¤12345,http://www.tianya.cn/88189948,156,6,2014/3/16 21:30
_¨¦£¤__’__”__‹__‰_„_΅θ΅μ_›__ƒ…¨¨_΅κ(¨¨__¨¨__),/post-free-2757072-1.shtml,____΅ι΅ι_΅θ_,http://www.tianya.cn/68244154,155,1,2012/9/10 16:00
_΅γ_΅γ_„___¨¦___‘¨¨______™_‹_‹_΅θ΅μ_΅θ΅μ_„_”____ƒ…¨¨_΅κ(¨¨__¨¨__),/post-free-2402484-1.shtml,zhuquehulong,http://www.tianya.cn/63622408,155,1,2012/2/28 17:38
"_¨¨•__’_΅κ_¨¦‚__ƒ…¨¨_΅κ____›_,¨¨_ύ__ _€΅μ___— ¨¨__",/post-free-4450915-1.shtml,_΅ΐ¨¦”™_‹,http://www.tianya.cn/84780157,129,0,2014/7/1 16:18
_ƒ…¨¨_΅κ,/post-free-119327-1.shtml,¨¦™_€,http://www.tianya.cn/847096,125,3,2003/11/2 6:46
_΅ΐ‚_•™_„__  _€___΅ι_ _ƒ…__΅κ__‹¨¦—__„_ƒ…¨¨_΅κ,/post-free-2718931-1.shtml,¨¨_΅¤__¨¨__‰“_‡__‘,http://www.tianya.cn/73120921,124,0,2012/8/22 21:45
_ƒ…¨¨_΅κ_΅μ¨¨_΅γ__΅ι ___΅γ‘__—____ƒ…¨¨_΅κ_“_‰_„¨¨_‰_΅ΐ‚(¨¨__¨¨__),/post-free-4181322-1.shtml,___†w,http://www.tianya.cn/84788124,119,0,2014/3/10 12:55
"__€___""______„_____ύ__""___€____€__£¤__€__£¤¨¨_΅γ_‘""_ƒ…¨¨_΅κ""__‚___„?",/post-free-5300065-1.shtml,_…”_____™___„_•…__‹,http://www.tianya.cn/107005214,117,0,2015/11/2 20:31
"_ƒ…¨¨_΅κ""__”____""_‘__‰____""_£¤____›_""(¨¨__¨¨__)",/post-free-4676059-1.shtml,0_΅ΐ_„____›0,http://www.tianya.cn/95225140,114,0,2014/10/1 12:37
¨¦€___ƒ…¨¨_΅κ__,/post-free-2986896-1.shtml,wenchengshuiwu,http://www.tianya.cn/77347786,114,0,2013/1/1 3:01
_ƒ…¨¨_΅κ__‘¨¨_,/post-free-3621503-1.shtml,yxadmin,http://www.tianya.cn/83347943,113,1,2013/8/31 11:59
____΅¤΅μ_ύ_ƒ¨¨_ύ_΅¤_΅θ–_”____›__‰_ƒ…¨¨_΅κ,/post-free-4364831-1.shtml,_ƒ_‰™_€_…΅¤,http://www.tianya.cn/90780048,105,1,2014/5/27 20:16
_΅§__‰____‡__‰__‡†_΅θ‡__€_______¨¨΅ΐ_ƒ›_΅θ_ƒ…¨¨_΅κ_‰ύ_“(¨¨__¨¨__),/post-free-2834996-1.shtml,¨¦΅κ__‘¨¦‡‘¨¨__,http://www.tianya.cn/46842649,101,0,2012/10/22 14:45
¨¨‹΅ΐ_…____΅§_‰‹__¨¦£¤_΅μ___΅§_†…¨¨΅κ΅θ__‡_΅θ_____ƒ…¨¨_΅κ,/post-free-4080369-1.shtml,¨¨__–___†_΅γ΅ΐ_£¤_,http://www.tianya.cn/53733289,96,0,2014/1/15 16:24
_‘___¨¨‡__΅¤΅ΐ__΅κ¨¨΅§€  ___‡‚_ƒ…¨¨_΅κ_„__ ¨¨‚___¨¨ƒ__‡‚_ƒ…¨¨_΅κ_”΅§_“_‘΅ι,/post-free-3801642-1.shtml,_΅γ_¨¨____‹,http://www.tianya.cn/81938554,94,0,2013/11/11 11:22
"____΅ΐ‰__¨¦™΅ι¨¦_–_΅γ""_ƒ…¨¨_΅κ_—…__"" _______ __€__€""_________""¨¨_•__•...",/post-free-2972833-1.shtml,__‹¨¦…΅¤__…‰115,http://www.tianya.cn/77280817,93,0,2012/12/25 11:24
_‹‚_ƒ_†΅¤¨¦£¤__“_—__’ _€__΅θ¨¨„_¨¨ƒƒ10_____‹   ___΅ΐ_΅θ_____ƒ…¨¨_΅κ,/post-free-4578283-1.shtml,___΅ΐ_΅θ,http://www.tianya.cn/93378753,92,4,2014/8/19 21:18
"¨¦ƒ_¨¨___΅θύ______‰___‰‡_΅γ,_‰__€____…____ƒ…¨¨_΅κ___„¨¦—_¨¦΅ι_΅ΐ‚_΅θ΅μ________™!",/post-free-3408490-1.shtml,jy6041,http://www.tianya.cn/37827197,90,0,2013/6/20 11:36
__΅ι_΅§¨¨_΅κ__¨¨_ύ_‚΅§_΅μ__΅θ___‰__€_•__ƒ…¨¨_΅κ(¨¨__¨¨__),/post-free-4520745-1.shtml,¨¨‹_΅¤_΅θ΅μ¨¦—_¨¨_ABC,http://www.tianya.cn/70254773,89,3,2014/7/29 17:37
¨¦΅ι†______¨¦ƒ΅§__¨¨ƒ_¨¨___΅ΐ‚____΅μ_____—_„_”____ƒ…¨¨_΅κ,/post-free-5411947-1.shtml,li515898257,http://www.tianya.cn/88244506,83,1,2016/3/18 16:01
¨¨___€_”____ƒ…¨¨_΅κ¨¦_΅γ__‹_€‹¨¨_£¤_’‹_ ΅¤__‘_‰΅ι_€_ƒ_¨¦____?(¨¨__¨¨__),/post-free-4081734-1.shtml,_›_¨¨΅μ__΅θ___77,http://www.tianya.cn/83686296,82,0,2014/1/16 10:33
_____‰_ƒ…¨¨_΅κ_„_£¤____(¨¨__¨¨__),/post-free-338216-1.shtml,_΅θ_____‰‘__΅ι,http://www.tianya.cn/3849144,81,0,2005/9/13 17:06
"_ƒ…¨¨_΅κ_‰‹___,____¨¨_„__‹!!!!!",/post-free-3484180-1.shtml,keyurui,http://www.tianya.cn/60319816,80,0,2013/7/15 15:17
[_΅γ_____“__][¨¦™„_›_] __€___¨¦___£¤_¨¨_„_ƒ…¨¨_΅κ-_’_‹_‹____†___,/post-free-1959347-1.shtml,______›_¨¦΅ΐ_,http://www.tianya.cn/31318705,79,2,2010/8/11 10:24
_‰_—_____€_•¨¦‡‡_‚¨¨‚ _ƒ…¨¨_΅κ_›_„___¨¦‡‡_‚,/post-free-4496543-1.shtml,_…_____‚_¨¨_€,http://www.tianya.cn/83486170,77,1,2014/7/20 19:35
_΅ΐ‚_•™ __‚__•_΅ι_ _ƒ…___¨¦—__„_ƒ…¨¨_΅κ,/post-free-2718921-1.shtml,¨¨_΅¤__¨¨__‰“_‡__‘,http://www.tianya.cn/73120921,75,0,2012/8/22 21:49
"_΅ΐ_ƒ…____€____ƒ…¨¨_΅κ_†…¨¨_΅κ,_”__‰_›__΅ΐ_‰¨¨ƒ___“_‘_  ¨¨‰__…•¨¨_",/post-free-2647541-1.shtml,1291550580,http://www.tianya.cn/71626401,73,0,2012/7/22 14:09
¨¦΅ι†______¨¦ƒ΅§_„_–‡_–____…__’_£¤__΅¤_ƒ…¨¨_΅κ,/post-free-2501011-1.shtml,_΅κ__΅κ___¨¨_2012,http://www.tianya.cn/65792956,73,0,2012/4/24 16:25
"¨¨__¨¨__–¨¨___,_ƒ__΅¤΅¤___€_ƒ…¨¨_΅κ_†…¨¨_΅κ_–,_΅θ΅μ_£¤_____™_‚____¨¨___΅μ",/post-free-4084531-1.shtml,___„__‰‘,http://www.tianya.cn/86653573,72,0,2014/1/17 14:51
_ ‘__‹_”_____΅κ____ƒ…¨¨_΅κ_£¤__΅¤¨¨‰__£¤_¨¦΅κ_΅γ”,/post-free-2806145-1.shtml,¨¦___”΅γ_„___›¨¨€…789,http://www.tianya.cn/74892531,72,0,2012/10/8 12:42
__΅ι____€____†…_____΅γ__ 10____ƒ…¨¨_΅κ_΅§______‹ (¨¨__¨¨__),/post-free-3434931-1.shtml,_ƒ_΅γ___‚______1,http://www.tianya.cn/64846596,70,0,2013/6/28 18:01
"2015___1_22_—£¤(¨¦_¨¨ƒ__ƒ,___‹…__“,______ƒ…¨¨_΅κ)",/post-free-4920306-1.shtml,pp2791,http://www.tianya.cn/67430084,69,0,2015/1/22 17:34
"_€_΅γ¨¨€___΅ι__ƒ___‹_—…_€‘____________„_„_΅§_’_΅ι__ƒ_,_‡__‘_€”_€”_ƒ…¨¨_΅κ_”___!",/post-free-2884282-1.shtml,¨¨’‚_΅§_›_¨¦™…,http://www.tianya.cn/74510314,68,5,2012/11/15 15:56
__΅¤£¤:____›__”_____„_______ƒ…¨¨_΅κ,/post-free-5313467-1.shtml,___¨¦™_΅γ__‹,http://www.tianya.cn/37196709,62,0,2015/11/19 8:48
"_ƒ…¨¨_΅κ""__”____""",/post-free-5240826-1.shtml,z616317373,http://www.tianya.cn/105464868,61,0,2015/9/5 22:03
"_΅θ΅μ____£¤¨¨¨¨_________–¨¨€…____”΅¤____—…¨¨_,¨¨_£¤_____›__€____¨¨£¤__£¤__……____ƒ…¨¨_΅κ?",/post-free-5152208-1.shtml,_΅κ‰¨¨΅ΐ__–____¨¨ƒ–__,http://www.tianya.cn/103189482,61,0,2015/6/23 18:31
"_ƒ…¨¨_΅κ¨¦—__…___”""__’__“_‹›¨¨""_›____€•(¨¨__¨¨__)",/post-free-4467993-1.shtml,_΅κ_›_— _,http://www.tianya.cn/70631047,61,2,2014/7/9 11:36
"¨¨_΅§¨¨___›_____„_€_ƒ____„""¨¦_____""(___€_΅ΐ΅ΐ_£¤‚_ ‘_€‹_’__‡__‰__€¨¨€ƒ_‘____„...",/post-free-2436057-1.shtml,_‘_‰__‚¨¨΅μ,http://www.tianya.cn/65695415,60,2,2012/3/18 6:56
___‰¨¦‚__ƒ…¨¨_΅κ_€”_€”__”_____¨¦•__‹_‹,/post-free-4363522-1.shtml,_΅ΐ_¨¨____‘,http://www.tianya.cn/69461136,54,0,2014/5/27 14:00
"___¨¦“___:""_ƒ…¨¨_΅κ""_΅γ____΅ΐ _„____¨¦",/post-free-5021983-1.shtml,_‰FA,http://www.tianya.cn/68468001,53,0,2015/3/26 16:02
¨¦΅ΐ____¨¦‡_„_ƒ…¨¨_΅κ,/post-free-3872022-1.shtml,___¨¦΅κ__€__‹2013,http://www.tianya.cn/84203685,53,0,2013/12/9 21:07
____΅¤____€_”___•______΅θ΅μ__ ¨¨__΅ΐ‚__•_____…__£¤__΅¤_ƒ…¨¨_΅κ(¨¨__¨¨__),/post-free-3573325-1.shtml,¨¨__„,http://www.tianya.cn/79463920,49,1,2013/8/14 19:07
"_‹___¨¨____΅κ__—_„_™___‡_____΅μ,¨¨__¨¨_‡_΅θ__£¤,¨¨€_…____‘¨¦΅ι¨¦_„__—__™,____‰_ƒ…...",/post-free-4784307-1.shtml,_£¤£¤_____΅¤__΅ι¨¦…’,http://www.tianya.cn/95540038,46,0,2014/11/20 16:29
_”_____¨¨ƒ_____‰_ƒ…¨¨_΅κ_•,/post-free-3569925-1.shtml,_________΅ΐ,http://www.tianya.cn/81455538,43,0,2013/8/13 15:32
"____”_΅θ΅μ¨¦“_†,_”____΅γ_ƒ…¨¨_΅κ,¨¨_΅¤_΅θ΅μ____£¤_€¨¨_£¤_……",/post-free-3844758-1.shtml,¨¦__”_……_€______ƒ,http://www.tianya.cn/54776981,40,0,2013/11/28 11:18
"_ƒ…¨¨_΅κ_›_„____‘,__ _‹_‡‚__†_΅θ_΅γ‘?",/post-free-4786253-1.shtml,kissmesextoys,http://www.tianya.cn/96611683,38,0,2014/11/21 12:50
__΅ι__—_‚__΅μ‹_‰_ƒ…¨¨_΅κ,/post-free-5258739-1.shtml,__¨¨€_„___ ‘,http://www.tianya.cn/84014017,35,1,2015/9/22 14:07
"__¨¦__“¨¨΅μ†¨¨΅μ‰_ύ__΅ΐ_‘„__΅ΐ,_ύ__΅ΐ_‘„__΅ΐ_„______ƒ…¨¨_΅κ",/post-free-2873329-1.shtml,__¨¦__“¨¨΅μ†¨¨΅μ‰_‘„__΅ΐ,http://www.tianya.cn/53619241,34,0,2012/11/9 20:40
__‘___ƒ…¨¨_΅κ____€”_€”____”__,/post-free-42514-1.shtml,_™_¨¨_΅κ_΅θύ___,http://www.tianya.cn/141269,31,1,2001/11/3 23:25
"_΅θ΅μ___‚,_΅γ_ƒ…¨¨_΅κ",/post-free-4838465-1.shtml,xingjunfreeman,http://www.tianya.cn/91679752,30,0,2014/12/15 11:57
_€_‡΅θ_‡΅γ_—…____€‘__€____•_‰€_„¨¦_–_:_΅γ_ύ_¨¦—__ƒ…¨¨_΅κ___΅θ΅μ_—___΅κ____£¤(¨¨__¨¨__),/post-free-4980043-1.shtml,¨¦__£¤,http://www.tianya.cn/98474395,25,0,2015/3/3 15:02
_΅ΐ_ƒ…¨¨_΅κ¨¨΅μ΅κ__‹¨¦‡‘_΅ΐ΅ΐ¨¨_¨¦_¨¨_΅¤__ _‰(¨¨__¨¨__),/post-free-16943-1.shtml,_΅γ__¨¦_,http://www.tianya.cn/14226,21,0,2000/5/16 17:38
¨¦΅ι†___¨¨____…__£¤__΅¤_„_”____ƒ…¨¨_΅κ,/post-free-4848684-1.shtml,_____€___„xx,http://www.tianya.cn/90094726,18,0,2014/12/19 16:19